nine Python idioms,,,
List-comprehension,https://stackoverflow.com/questions/4260280/if-else-in-a-list-comprehension,3,27
List-comprehension,https://stackoverflow.com/questions/20639180/explanation-of-how-nested-list-comprehension-works,2,70
List-comprehension,https://stackoverflow.com/questions/56057118/how-does-list-comprehension-work-in-this-code-block,2,57
List-comprehension,https://stackoverflow.com/questions/70082277/list-comprehension-else-nothing-python,3,
List-comprehension,https://stackoverflow.com/questions/74249751/sum-inside-list-comprehension,3,
List-comprehension,https://stackoverflow.com/questions/73715485/list-comprehension-flat-list,2,
List-comprehension,https://stackoverflow.com/questions/34835951/what-does-list-comprehension-and-similar-mean-how-does-it-work-and-how-can-i,2,
List-comprehension,https://stackoverflow.com/questions/68408065/understanding-the-syntax-of-list-comprehensions,2,
List-comprehension,https://stackoverflow.com/questions/71337972/comportement-of-list-comprehension-with-self-reference,3,
List-comprehension,https://stackoverflow.com/questions/19104760/list-comprehension-in-python-how-to,3,
List-comprehension,https://stackoverflow.com/questions/4260280/if-else-in-a-list-comprehension,3,
List-comprehension,https://stackoverflow.com/questions/9987483/elif-in-list-comprehension-conditionals,2,
List-comprehension,https://stackoverflow.com/questions/69271423/multiple-if-else-on-list-comprehensions,2,
List-comprehension,https://stackoverflow.com/questions/74076689/if-else-in-list-comprehension-for-python,3,
List-comprehension,https://stackoverflow.com/questions/15474933/list-comprehension-with-if-statement,3,
List-comprehension,https://stackoverflow.com/questions/47464211/what-does-the-x-for-x-in-syntax-mean?noredirect=1&lq=1,2,
List-comprehension,https://stackoverflow.com/questions/68408065/understanding-the-syntax-of-list-comprehensions,2,
List-comprehension,https://stackoverflow.com/questions/67639566/how-to-read-this-list-comprehension,2,
List-comprehension,https://stackoverflow.com/questions/70598477/how-list-comprehension-works-for-two-for-loop,3,
List-comprehension,https://stackoverflow.com/questions/73226326/how-to-understand-list-comprehension-in-python,2,
List-comprehension,https://stackoverflow.com/questions/71263624/list-comprehension-with-loop-and-conditions,3,
List-comprehension,https://stackoverflow.com/questions/74816060/nested-list-comprehension,3,
List-comprehension,https://stackoverflow.com/questions/73929431/list-comprehension-returning-two-variables,3,
List-comprehension,https://stackoverflow.com/questions/72746594/list-comprehension-with-mix-of-for-loops-and-if-conditions,3,
List-comprehension,https://stackoverflow.com/questions/70085531/nested-list-comprehension-python,3,
Set Comprehension,https://stackoverflow.com/questions/48421142/fastest-way-to-generate-a-random-like-unique-string-with-random-length-in-python,1,
Set Comprehension,https://stackoverflow.com/questions/62470840/how-to-add-variable-to-each-item-in-a-set-in-python/62470868#62470868,1,
Set Comprehension,https://stackoverflow.com/questions/51789837/how-to-convert-array-of-array-into-set-in-python-3/51789931#51789931,1,
set-comprehension,https://stackoverflow.com/questions/28145024/1-liner-pythonic-code-that-returns-a-set-rather-than-a-list/28145074#28145074,1,
set comprehension,https://stackoverflow.com/questions/45448986/obtain-a-set-of-unique-values-from-a-dictionary-of-lists,1,
set comprehension,https://stackoverflow.com/questions/74030831/set-comprehensions-in-python,2,
set comprehension,https://stackoverflow.com/questions/47273509/python-set-comprehension-nested-in-dict-comprehension,3,
set comprehension,https://stackoverflow.com/questions/74030831/set-comprehensions-in-python,2,
set comprehension,https://stackoverflow.com/questions/66955228/set-comprehension-vs-nested-loop,3,
,https://stackoverflow.com/questions/61806602/how-would-i-write-this-using-set-comprehension,3,
set comprehension,https://stackoverflow.com/questions/55199601/python-list-set-comprehension-with-characters,3,
set comprehension,https://stackoverflow.com/questions/73213366/python-set-comprehension-for-loop-unexpected-return,3,
set comprehension,https://stackoverflow.com/questions/67735352/if-for-else-nested-set-comprehension-in-python,3,
set comprehension,https://stackoverflow.com/questions/21536568/conceptualizing-set-comprehension,3,
set comprehension,https://stackoverflow.com/questions/65776911/convert-to-set-comprehension,3,
dict comprehension,https://stackoverflow.com/questions/1747817/create-a-dictionary-with-list-comprehension/1747827#1747827,1,
dict-comprehension,https://stackoverflow.com/questions/17664841/simple-syntax-error-in-python-if-else-dict-comprehension,3,
dict-comprehension,https://stackoverflow.com/questions/14507591/python-dictionary-comprehension,1,
dict-comprehension,https://stackoverflow.com/questions/74771399/python-dictionary-comprehension-with-condition,3,
dict-comprehension,https://stackoverflow.com/questions/71545724/explain-this-dict-comprehension-python,2,
dict-comprehension,https://stackoverflow.com/questions/71596783/dict-comprehension-with-pandas-iterrows,2,
dict-comprehension,https://stackoverflow.com/questions/70757762/append-to-list-in-python-dict-comprehension,2,
dict-comprehension,https://stackoverflow.com/questions/73182112/how-to-make-dictionary-comprehension-in-python,3,
dict-comprehension,https://stackoverflow.com/questions/66394731/how-to-create-a-set-of-dictionary-keys-from-an-array-of-dictionaries/66394757#66394757,3,
dict-comprehension,https://stackoverflow.com/questions/69440891/python-dictionary-comprehension-not-outputting-as-expected,2,
dict-comprehension,https://stackoverflow.com/questions/72489775/python-dict-comprehension-convert-list-of-tuples-of-dictionaries-and-integers-in,2,
dict-comprehension,https://stackoverflow.com/questions/67144955/how-do-i-include-for-loops-and-if-statements-in-dictionary-comprehension,2,
dict-comprehension,"Conditional expressions in Python Dictionary comprehensions
",3,
chain-comparison,https://stackoverflow.com/questions/58084423/strange-chained-comparison,2,
chain-comparison,https://stackoverflow.com/questions/66282305/odd-behaviour-what-does-12-in-12-13-14-true-mean-in-python,2,
chain-comparison,https://stackoverflow.com/questions/6074018/why-does-the-expression-0-0-0-return-false-in-python,3,
chain-comparison,https://stackoverflow.com/questions/41075735/why-is-the-boolean-expression-1-in-1-2-3-true-false?noredirect=1&lq=1,3,
chain-comparison,https://stackoverflow.com/questions/17887594/python-statement-giving-unexpected-answer?noredirect=1&lq=1,2,
chain-comparison,https://stackoverflow.com/questions/26834331/priority-of-operators-and?noredirect=1&lq=1,3,
chain-comparison,https://stackoverflow.com/questions/9284350/why-does-1-in-1-0-true-evaluate-to-false?,3,
chain-comparison,https://stackoverflow.com/questions/64691582/why-21-false-output-false-in-python3?noredirect=1&lq=1,3,
chain-comparison,https://stackoverflow.com/questions/44817951/multiple-repeated-in-keyword,3,
chain-comparison,https://stackoverflow.com/questions/45180899/unexpected-result-from-in-operator-python?noredirect=1&lq=1,3,
chain-comparison,https://stackoverflow.com/questions/101268/hidden-features-of-python,2,
chain-comparison,https://stackoverflow.com/questions/49664057/result-of-the-chaining-of-comparison-operators,3,
chain-comparison,https://stackoverflow.com/questions/37140933/custom-chained-comparisons,3,
chain-comparison,https://stackoverflow.com/questions/25753474/what-does-it-mean-that-python-comparison-operators-chain-group-left-to-right,2,
chain-comparison,https://stackoverflow.com/questions/70766479/why-5-15-5-1-20-is-false?noredirect=1&lq=1,3,
chain-comparison,https://stackoverflow.com/questions/48715552/what-does-x-in-range-y-mean-in-python-3?noredirect=1&lq=1,3,
chain-comparison,https://stackoverflow.com/questions/32182177/comparison-operators-and-is-operator-precedence-in-python?noredirect=1&lq=1,3,
chain-comparison,https://stackoverflow.com/questions/17075324/numpy-chained-comparison-with-two-predicates,2,
chain-comparison,https://stackoverflow.com/questions/42355495/why-doesnt-chained-interval-comparison-work-on-numpy-arrays,2,
chain-comparison,https://stackoverflow.com/questions/56019933/why-is-z-z-z-with-z-integer-array-an-illegal-expression-in-numpy?noredirect=1&lq=1,2,
chain-comparison,https://stackoverflow.com/questions/67028679/simplify-chained-comparison-for-line-with-two-variables,1,
chain-comparison,https://stackoverflow.com/questions/26502775/simplify-chained-comparison,1,
chain-comparison,https://stackoverflow.com/questions/24018315/python-chained-comparison,1,
truth_value test,https://stackoverflow.com/questions/20420934/if-x-vs-if-x-true-vs-if-x-is-true,1,
truth_value test,https://stackoverflow.com/questions/9573244/how-to-check-if-the-string-is-empty/9573259#9573259,1,
truth_value test,https://stackoverflow.com/questions/38282179/if-lista-more-simplified-version?noredirect=1&lq=1,1,
truth_value test,https://stackoverflow.com/questions/39746427/expression-can-be-simplified-on-boolean-literal?noredirect=1&lq=1,1,
truth_value test,https://stackoverflow.com/questions/53513/how-do-i-check-if-a-list-is-empty?noredirect=1&lq=1,1,
truth_value test,https://stackoverflow.com/questions/1725517/how-to-check-if-a-list-is-empty-in-python?noredirect=1&lq=1,1,
truth_value test,https://stackoverflow.com/questions/10545385/how-to-check-if-a-variable-is-empty-in-python?noredirect=1&lq=1,1,
truth_value test,https://stackoverflow.com/questions/70550513/python-truth-interpretation,2,
truth_value test,https://stackoverflow.com/questions/49021823/understanding-the-truthiness-of-strings,2,
truth_value test,https://stackoverflow.com/questions/43170072/truthiness-test-not-performing-as-expected,3,
truth_value test,https://stackoverflow.com/questions/2020598/in-python-how-should-i-test-if-a-variable-is-none-true-or-false,1,
truth_value test,https://stackoverflow.com/questions/37103705/what-is-the-correct-way-to-check-for-false,1,
truth_value test,https://stackoverflow.com/questions/11732329/boolean-testing-a-list-in-python,3,
truth_value test,https://stackoverflow.com/questions/69775580/python-checking-if-a-variable-is-true-without-the-operator,1,
Loop else,https://stackoverflow.com/questions/9979970/why-does-python-use-else-after-for-and-while-loops,2,
Loop else,https://stackoverflow.com/questions/3296044/opposite-of-python-for-else,2,
Loop else,https://stackoverflow.com/questions/57547630/problem-with-using-for-else-loop-in-python-3-to-print-out-even-and-odd-numbers/57547713#57547713,3,
Loop else,https://stackoverflow.com/questions/23625189/what-is-the-use-of-else-after-for-loop-in-python,2,
Loop else,https://stackoverflow.com/questions/44560181/why-does-this-else-block-work-yet-it-is-not-on-the-same-level-as-the-if-case?noredirect=1&lq=1,2,
Loop else,https://stackoverflow.com/questions/18116935/python-for-else-relationship?noredirect=1&lq=1,2,
Loop else,https://stackoverflow.com/questions/58774957/python-3-how-does-the-else-work-in-this-loop?noredirect=1&lq=1,2,
Loop else,https://stackoverflow.com/questions/66771270/what-is-the-method-for-if-loop-does-not-break-run-code?noredirect=1&lq=1,1,
Loop else,https://stackoverflow.com/questions/685758/pythonic-ways-to-use-else-in-a-for-loop,2,
Loop else,https://stackoverflow.com/questions/65557582/why-it-skips-else-block?noredirect=1&lq=1,2,
Loop else,https://stackoverflow.com/questions/59418430/whats-the-use-of-else-at-the-end-of-a-for-or-while-block-in-python?noredirect=1&lq=1,2,
Loop else,https://stackoverflow.com/questions/74709263/how-does-the-else-condition-work-after-a-for-loop-in-python,2,
Loop else,https://stackoverflow.com/questions/66738210/while-else-in-python-not-executing-the-else,3,
Loop else,https://stackoverflow.com/questions/66589641/how-does-putting-an-if-statement-inside-a-loop-and-an-else-statement-outside-the,3,
Loop else,https://stackoverflow.com/questions/68841174/how-is-this-invalid-syntax-else-in-a-while-loop,3,
Loop else,https://stackoverflow.com/questions/58549702/is-else-outside-for-loop-if-yes-why-else-is-not-executing,2,
Loop else,https://stackoverflow.com/questions/50515848/how-not-to-execute-else-statement-of-for-loop-when-if-statement-is-satisfied-at,2,
Ass-multi,"https://stackoverflow.com/questions/27272034/what-is-a-b-c-in-python#:~:text=Python%20allows%20you%20to%20assign,to%20the%20same%20memory%20location",2,
Ass-multi,https://stackoverflow.com/questions/7601823/how-do-chained-assignments-work,3,
Ass-multi,https://stackoverflow.com/questions/11498441/what-is-this-kind-of-assignment-in-python-called-a-b-true,3,
Ass-multi,https://stackoverflow.com/questions/54602176/what-is-a-b-c-in-python,2,
Ass-multi,https://stackoverflow.com/questions/5182573/multiple-assignment-semantics,2,
Ass-multi,https://stackoverflow.com/questions/21715583/what-is-the-use-of-commas-in-an-assignment?noredirect=1&lq=1,2,
Ass-multi,https://stackoverflow.com/questions/73193627/assignment-of-multiple-variables-a-b-c-d-vs-a-c-b-d,3,
Ass-multi,https://stackoverflow.com/questions/23236648/how-to-assign-the-same-value-to-multiple-variables-in-python,3,
Ass-multi,https://stackoverflow.com/questions/31426095/assign-multiple-values-of-a-list,1,
Ass-multi,https://stackoverflow.com/questions/8725673/multiple-assignment-and-evaluation-order-in-python,2,
Ass-multi,https://stackoverflow.com/questions/67476315/assign-several-variable-names-at-once,1,
Ass-multi,https://stackoverflow.com/questions/59276156/python-unpacking-gotcha-unexpected-behavior,2,
For multiple targets,https://stackoverflow.com/questions/10867882/tuple-unpacking-in-for-loops,2,
For multiple targets,https://stackoverflow.com/questions/34190276/python-two-iterating-variables-in-a-for-loop?noredirect=1&lq=1,2,
For multiple targets,https://stackoverflow.com/questions/55036076/what-is-difference-using-unpack-in-for-loop-and-not-in-python,3,
For multiple targets,https://stackoverflow.com/questions/20986463/multi-variable-for-loops-python?noredirect=1&lq=1,2,
For multiple targets,https://stackoverflow.com/questions/56241302/cannot-unpack-tuple-object-in-for-loop-python?noredirect=1&lq=1,3,
For multiple targets,https://stackoverflow.com/questions/56944531/what-does-for-a-b-in-0-1-2-3-4-5-mean-why-does-it-print-me-th?noredirect=1&lq=1,2,
For multiple targets,https://stackoverflow.com/questions/52284799/i-dont-understand-the-syntax-to-this-for-loop-in-python?noredirect=1&lq=1,2,
For multiple targets,https://stackoverflow.com/questions/68561612/what-exactly-happens-if-i-set-two-parameter-in-for-statement?noredirect=1&lq=1,3,
For multiple targets,https://stackoverflow.com/questions/51933830/using-multiple-variables-in-a-for-loop-in-python,3,
For multiple targets,https://stackoverflow.com/questions/67620645/i-want-to-run-multiple-variables-in-a-for-loop-in-tandem-and-i-want-to-take-the,3,
For multiple targets,https://stackoverflow.com/questions/56665366/using-multiple-variables-over-a-single-list-in-python-for-loop,3,
For multiple targets,https://stackoverflow.com/questions/56547363/how-are-multiple-variables-and-lists-given-in-a-for-loop-interpreted,3,
For multiple targets,https://stackoverflow.com/questions/69415293/how-do-we-implement-multivariable-in-a-for-loop-in-python,1,
For multiple targets,https://stackoverflow.com/questions/48826740/two-variable-in-for-loop-in-python,1,
For multiple targets,https://stackoverflow.com/questions/70254811/python-two-variable-for-loop,1,
star,https://stackoverflow.com/questions/5239856/asterisk-in-function-call?noredirect=1&lq=1,2,
star,https://stackoverflow.com/questions/16515443/what-does-the-asterisk-do-in-python-other-than-multiplication-and-exponentiation?noredirect=1&lq=1,2,
star,https://stackoverflow.com/questions/2921847/what-does-the-star-and-doublestar-operator-mean-in-a-function-call,2,
star,https://stackoverflow.com/questions/1141504/name-this-python-ruby-language-construct-using-array-values-to-satisfy-function,2,
star,https://stackoverflow.com/questions/6967632/unpacking-extended-unpacking-and-nested-extended-unpacking,2,
star,https://stackoverflow.com/questions/1993727/expanding-tuples-into-arguments,1,
star,https://stackoverflow.com/questions/8077268/purpose-of-star-operator-when-used-on-list,2,
star,https://stackoverflow.com/questions/68142528/what-is-the-use-of-using-star-in-python-before-code-statement-here,2,
star,https://stackoverflow.com/questions/21795594/python-star-operator-in-assignments,2,
star,https://stackoverflow.com/questions/70621142/python-star-symbol-in-a-loop,2,
star,https://stackoverflow.com/questions/35636785/star-operator-on-left-vs-right-side-of-an-assignment-statement,2,
star,https://stackoverflow.com/questions/71650834/why-does-applying-the-star-operator-to-the-values-in-dict-items-within-a-compreh,2,
star,https://stackoverflow.com/questions/71805094/what-is-the-meaning-in-python-when-we-add-star-to-a-function,2,
star,https://stackoverflow.com/questions/70561367/what-does-a-star-asterisk-before-a-function-not-before-parameters-do-in-py,2,
star,https://stackoverflow.com/questions/69395130/understanding-the-asterisk-operator-in-python-when-its-before-the-function-in-a,2,
star,https://stackoverflow.com/questions/69496356/trouble-understanding-the-unpacking-operator,2,
star,https://stackoverflow.com/questions/66503443/purpose-of-in-front-of-python3-function,2,
star,https://stackoverflow.com/questions/50950690/python-unpacking-operator,2,
star,https://stackoverflow.com/questions/70225540/what-is-the-purpose-of-the-asterisk-symbol-in-complex1-2-in-python-withou,2,
star,https://stackoverflow.com/questions/59425451/tuple-unpacking-while-indexing,3,
